['headlamps',
 'build wind non-float',
 'build wind float',
 'build wind non-float',
 'build wind float',
 'headlamps',
 'build wind float',
 'containers',
 'build wind float',
 'build wind float',
 'build wind non-float',
 'build wind float',
 'build wind non-float',
 'build wind float',
 'build wind float',
 'build wind float',
 'containers',
 'build wind non-float',
 'build wind float',
 'build wind non-float',
 'tableware',
 'build wind non-float',
 'build wind non-float',
 'build wind non-float',
 'vehic wind float',
 'build wind non-float',
 'build wind float',
 'build wind float',
 'build wind float',
 'headlamps',
 'build wind non-float',
 'vehic wind float',
 'build wind non-float',
 'build wind non-float',
 'build wind float',
 'headlamps',
 'containers',
 'build wind non-float',
 'build wind float',
 'build wind float',
 'build wind float',
 'headlamps',
 'build wind float',
 'build wind non-float',
 'build wind float',
 'headlamps',
 'build wind non-float',
 'tableware',
 'vehic wind float',
 'build wind float',
 'containers',
 'containers',
 'build wind non-float',
 'build wind non-float',
 'build wind float',
 'containers',
 'build wind float',
 'headlamps',
 'build wind float',
 'build wind non-float',
 'build wind float',
 'containers',
 'build wind float',
 'build wind non-float',
 'tableware',
 'headlamps',
 'build wind non-float',
 'build wind float',
 'build wind non-float',
 'build wind non-float',
 'build wind non-float',
 'build wind non-float',
 'build wind non-float',
 'build wind float',
 'build wind float',
 'build wind float',
 'build wind float',
 'build wind float',
 'headlamps',
 'build wind non-float',
 'build wind float',
 'build wind float',
 'build wind non-float',
 'build wind float',
 'build wind non-float',
 'tableware']